{
  "project_info": {
    "project_number": "706236094059",
    "project_id": "mobibank-ad5a4",
    "storage_bucket": "mobibank-ad5a4.appspot.com"
  },
  "client": [
    {
      "client_info": {
        "mobilesdk_app_id": "1:706236094059:android:777b61bf9ae691a568032e",
        "android_client_info": {
          "package_name": "com.example.mobibank"
        }
      },
      "oauth_client": [],
      "api_key": [
        {
          "current_key": "AIzaSyDcC1VoTo_0isUeEl_DQko9y0kelv-2bwM"
        }
      ],
      "services": {
        "appinvite_service": {
          "other_platform_oauth_client": []
        }
      }
    }
  ],
  "configuration_version": "1"
}